event_id,user_id,product_id,event_type,timestamp
316,2,14,view,2025-10-01T08:44:00
252,16,46,add_to_cart,2025-10-01T11:19:00
235,1,57,like,2025-10-01T12:25:00
7,4,23,add_to_cart,2025-10-01T15:02:00
22,1,1,view,2025-10-01T15:49:00
382,12,28,view,2025-10-01T15:52:00
341,22,4,view,2025-10-01T21:35:00
205,15,35,view,2025-10-01T22:40:00
731,9,36,like,2025-10-02T01:38:00
662,3,25,view,2025-10-02T03:50:00
473,5,17,view,2025-10-02T04:47:00
480,3,43,view,2025-10-02T06:45:00
126,6,34,view,2025-10-02T09:26:00
765,19,39,view,2025-10-02T13:33:00
668,24,20,view,2025-10-02T16:04:00
209,8,42,view,2025-10-02T18:06:00
297,8,12,view,2025-10-02T22:01:00
380,15,5,view,2025-10-02T22:12:00
550,6,25,add_to_cart,2025-10-02T23:08:00
151,3,31,view,2025-10-03T02:07:00
160,5,49,view,2025-10-03T05:02:00
305,1,60,add_to_cart,2025-10-03T05:45:00
660,7,26,view,2025-10-03T06:08:00
189,24,31,view,2025-10-03T10:38:00
426,16,6,view,2025-10-03T10:39:00
653,19,32,like,2025-10-03T10:48:00
142,11,9,add_to_cart,2025-10-03T11:36:00
106,21,15,view,2025-10-03T13:14:00
579,22,50,view,2025-10-03T13:28:00
293,15,11,view,2025-10-03T16:24:00
700,7,16,view,2025-10-03T16:58:00
772,19,38,view,2025-10-03T22:10:00
214,7,8,view,2025-10-04T01:02:00
455,16,49,view,2025-10-04T01:42:00
525,5,32,view,2025-10-04T02:41:00
158,4,37,view,2025-10-04T04:13:00
145,7,31,view,2025-10-04T04:25:00
110,21,23,view,2025-10-04T06:30:00
248,9,34,view,2025-10-04T08:09:00
143,19,7,view,2025-10-04T09:47:00
183,25,51,view,2025-10-04T10:45:00
249,2,48,view,2025-10-04T13:53:00
58,22,50,view,2025-10-04T16:01:00
80,20,37,view,2025-10-04T19:40:00
475,23,15,view,2025-10-04T21:00:00
327,5,11,like,2025-10-05T00:01:00
559,5,8,view,2025-10-05T00:14:00
144,7,35,view,2025-10-05T06:21:00
744,18,37,view,2025-10-05T08:42:00
243,1,20,view,2025-10-05T15:19:00
616,12,23,like,2025-10-05T15:23:00
771,16,18,view,2025-10-05T16:51:00
103,9,59,view,2025-10-05T18:36:00
560,25,6,view,2025-10-05T18:38:00
424,3,44,view,2025-10-05T23:30:00
636,14,48,like,2025-10-06T00:32:00
72,10,20,view,2025-10-06T03:16:00
104,20,39,view,2025-10-06T10:08:00
561,14,50,view,2025-10-06T10:26:00
326,3,46,view,2025-10-06T11:48:00
3,8,10,view,2025-10-06T12:12:00
161,18,38,view,2025-10-06T15:57:00
18,17,38,like,2025-10-06T18:14:00
259,14,21,view,2025-10-06T18:36:00
179,10,8,like,2025-10-06T19:11:00
746,17,27,like,2025-10-06T23:23:00
416,25,12,like,2025-10-06T23:46:00
343,20,11,like,2025-10-07T00:52:00
306,13,7,view,2025-10-07T01:05:00
314,22,55,view,2025-10-07T02:22:00
521,22,53,view,2025-10-07T06:30:00
763,14,53,view,2025-10-07T06:36:00
689,12,28,view,2025-10-07T09:29:00
140,15,20,view,2025-10-07T10:43:00
364,5,59,like,2025-10-07T12:43:00
337,8,26,view,2025-10-07T13:29:00
377,17,57,view,2025-10-07T13:38:00
609,25,27,view,2025-10-07T14:56:00
623,19,14,view,2025-10-07T14:56:00
86,14,32,view,2025-10-07T15:10:00
523,4,47,like,2025-10-07T16:33:00
442,5,50,view,2025-10-07T18:31:00
216,13,54,view,2025-10-07T23:23:00
146,2,52,view,2025-10-08T00:42:00
397,15,10,view,2025-10-08T03:35:00
27,12,3,view,2025-10-08T03:46:00
423,7,22,view,2025-10-08T04:16:00
96,22,5,view,2025-10-08T04:18:00
354,3,4,view,2025-10-08T06:04:00
410,21,55,view,2025-10-08T09:12:00
242,1,23,like,2025-10-08T11:17:00
42,12,8,view,2025-10-08T11:40:00
121,20,25,view,2025-10-08T11:51:00
25,17,49,like,2025-10-08T13:07:00
228,24,25,like,2025-10-08T13:44:00
9,7,52,view,2025-10-08T16:44:00
755,7,58,view,2025-10-08T16:59:00
437,22,23,view,2025-10-08T18:03:00
647,15,38,like,2025-10-08T18:42:00
417,4,43,like,2025-10-08T22:48:00
555,2,21,view,2025-10-09T01:02:00
254,12,48,view,2025-10-09T01:48:00
208,10,47,view,2025-10-09T04:47:00
238,11,22,view,2025-10-09T05:43:00
713,1,6,view,2025-10-09T08:07:00
574,16,56,view,2025-10-09T10:30:00
17,17,60,view,2025-10-09T12:35:00
220,2,25,view,2025-10-09T14:25:00
400,6,27,view,2025-10-09T17:03:00
658,8,28,view,2025-10-09T17:17:00
651,11,29,view,2025-10-09T17:57:00
656,13,17,view,2025-10-09T19:57:00
245,17,12,add_to_cart,2025-10-09T21:16:00
65,11,19,view,2025-10-09T23:26:00
265,10,25,view,2025-10-10T07:18:00
385,17,10,view,2025-10-10T07:39:00
675,13,20,view,2025-10-10T09:52:00
255,20,38,view,2025-10-10T12:34:00
430,2,22,view,2025-10-10T13:11:00
62,10,43,view,2025-10-10T13:12:00
590,15,59,like,2025-10-10T14:10:00
573,8,38,view,2025-10-10T15:22:00
785,11,30,view,2025-10-10T15:26:00
134,9,11,like,2025-10-10T15:50:00
503,4,24,view,2025-10-10T16:58:00
533,1,44,like,2025-10-10T17:43:00
485,17,53,like,2025-10-10T22:52:00
439,5,40,view,2025-10-11T01:24:00
339,19,17,view,2025-10-11T01:59:00
164,16,28,view,2025-10-11T02:21:00
681,23,31,like,2025-10-11T03:11:00
240,24,9,view,2025-10-11T03:33:00
68,14,29,view,2025-10-11T03:48:00
769,7,18,add_to_cart,2025-10-11T05:32:00
172,1,43,view,2025-10-11T06:18:00
372,3,19,view,2025-10-11T07:07:00
709,19,51,like,2025-10-11T12:33:00
91,15,1,view,2025-10-11T13:12:00
139,7,48,view,2025-10-11T14:31:00
273,19,15,view,2025-10-11T15:55:00
176,18,4,view,2025-10-11T17:02:00
492,5,45,like,2025-10-11T20:39:00
229,19,7,view,2025-10-12T00:04:00
698,14,47,view,2025-10-12T00:11:00
230,22,38,view,2025-10-12T02:28:00
349,2,9,like,2025-10-12T03:37:00
74,4,19,like,2025-10-12T04:32:00
375,14,50,like,2025-10-12T05:18:00
438,14,26,view,2025-10-12T07:14:00
185,21,16,view,2025-10-12T10:45:00
684,25,14,view,2025-10-12T12:32:00
118,23,52,view,2025-10-12T14:08:00
608,4,26,like,2025-10-12T15:44:00
504,10,15,view,2025-10-12T15:55:00
673,20,21,add_to_cart,2025-10-12T17:42:00
157,13,28,view,2025-10-12T19:33:00
635,5,55,add_to_cart,2025-10-12T19:39:00
75,24,3,view,2025-10-12T21:17:00
451,23,26,view,2025-10-12T22:02:00
591,25,11,view,2025-10-13T01:07:00
346,15,28,view,2025-10-13T01:30:00
483,25,7,view,2025-10-13T03:21:00
51,7,48,view,2025-10-13T03:38:00
415,20,12,view,2025-10-13T05:01:00
784,6,8,view,2025-10-13T05:17:00
212,7,29,view,2025-10-13T11:00:00
276,23,45,view,2025-10-13T11:37:00
381,4,52,view,2025-10-13T12:26:00
407,12,58,view,2025-10-13T12:57:00
600,24,20,view,2025-10-13T13:33:00
352,16,26,like,2025-10-13T15:45:00
569,23,5,view,2025-10-13T17:23:00
539,20,19,view,2025-10-13T18:46:00
357,4,60,view,2025-10-13T22:21:00
787,19,26,view,2025-10-13T23:08:00
558,5,18,view,2025-10-14T00:57:00
589,14,45,view,2025-10-14T06:18:00
548,23,18,view,2025-10-14T06:55:00
764,14,43,like,2025-10-14T07:25:00
570,8,46,view,2025-10-14T07:56:00
363,12,8,view,2025-10-14T08:16:00
33,2,37,view,2025-10-14T11:33:00
393,4,8,view,2025-10-14T14:32:00
535,17,29,add_to_cart,2025-10-14T15:49:00
48,12,9,view,2025-10-14T20:51:00
727,24,32,view,2025-10-14T22:29:00
520,22,5,view,2025-10-14T23:49:00
440,11,49,view,2025-10-15T01:14:00
153,12,51,view,2025-10-15T01:47:00
184,15,10,like,2025-10-15T05:02:00
794,22,45,view,2025-10-15T09:58:00
130,23,24,view,2025-10-15T10:32:00
311,24,25,view,2025-10-15T10:43:00
511,5,12,view,2025-10-15T14:41:00
467,4,5,view,2025-10-15T17:57:00
154,9,36,view,2025-10-15T21:10:00
210,24,44,view,2025-10-15T22:46:00
303,4,26,view,2025-10-15T22:51:00
234,7,20,view,2025-10-16T00:30:00
55,19,32,view,2025-10-16T02:07:00
530,23,48,view,2025-10-16T03:17:00
625,9,27,view,2025-10-16T04:38:00
519,10,56,like,2025-10-16T05:21:00
165,25,52,view,2025-10-16T05:48:00
593,8,46,view,2025-10-16T07:59:00
135,1,17,view,2025-10-16T08:51:00
514,7,8,view,2025-10-16T14:48:00
278,16,45,view,2025-10-16T15:21:00
611,25,19,view,2025-10-16T15:34:00
322,19,36,view,2025-10-16T18:43:00
39,11,35,view,2025-10-16T18:47:00
566,20,47,view,2025-10-16T23:24:00
496,25,34,view,2025-10-17T05:01:00
187,14,44,view,2025-10-17T09:27:00
319,1,9,like,2025-10-17T10:30:00
659,18,25,view,2025-10-17T11:09:00
77,19,30,view,2025-10-17T11:10:00
779,20,22,view,2025-10-17T19:34:00
612,17,54,view,2025-10-17T20:02:00
274,4,53,view,2025-10-17T20:13:00
716,3,46,view,2025-10-17T21:19:00
469,6,27,like,2025-10-17T22:39:00
702,1,22,view,2025-10-18T02:16:00
682,12,8,like,2025-10-18T02:27:00
394,21,5,view,2025-10-18T09:31:00
291,12,36,view,2025-10-18T12:25:00
596,6,44,view,2025-10-18T13:07:00
251,6,56,view,2025-10-18T13:34:00
290,17,39,view,2025-10-18T16:37:00
572,15,15,view,2025-10-18T17:21:00
149,6,25,view,2025-10-18T17:35:00
369,25,35,view,2025-10-18T19:21:00
705,16,2,view,2025-10-18T19:44:00
182,15,8,view,2025-10-19T00:26:00
12,21,26,view,2025-10-19T01:19:00
307,3,59,view,2025-10-19T03:38:00
116,22,55,view,2025-10-19T06:28:00
133,1,18,view,2025-10-19T07:33:00
419,16,8,view,2025-10-19T08:17:00
217,4,18,view,2025-10-19T10:20:00
408,18,33,like,2025-10-19T10:32:00
148,6,59,view,2025-10-19T10:58:00
474,11,43,view,2025-10-19T12:16:00
90,12,26,view,2025-10-19T18:51:00
527,11,8,view,2025-10-19T20:29:00
553,4,27,view,2025-10-19T23:02:00
773,24,44,like,2025-10-20T02:54:00
170,11,39,view,2025-10-20T09:23:00
168,21,9,view,2025-10-20T10:29:00
204,10,38,view,2025-10-20T11:33:00
256,24,39,view,2025-10-20T11:35:00
748,4,52,view,2025-10-20T13:01:00
604,7,3,view,2025-10-20T14:01:00
309,10,41,view,2025-10-20T18:11:00
358,11,4,like,2025-10-20T18:28:00
269,7,8,view,2025-10-20T19:49:00
704,9,21,view,2025-10-21T00:12:00
461,8,12,view,2025-10-21T00:24:00
368,10,47,view,2025-10-21T02:08:00
577,11,6,view,2025-10-21T04:08:00
783,8,16,add_to_cart,2025-10-21T05:14:00
735,7,20,view,2025-10-21T08:09:00
652,8,31,like,2025-10-21T10:28:00
317,22,47,view,2025-10-21T14:50:00
88,5,1,view,2025-10-21T15:57:00
766,5,54,view,2025-10-21T16:11:00
650,17,52,view,2025-10-21T17:13:00
495,11,15,view,2025-10-21T20:47:00
211,12,46,like,2025-10-21T23:05:00
693,24,15,view,2025-10-21T23:20:00
666,13,46,view,2025-10-22T00:33:00
100,19,39,view,2025-10-22T02:56:00
129,13,33,view,2025-10-22T03:15:00
715,21,37,like,2025-10-22T05:09:00
688,9,25,view,2025-10-22T06:21:00
125,3,22,view,2025-10-22T09:15:00
534,25,24,view,2025-10-22T10:57:00
729,5,56,view,2025-10-22T12:40:00
350,9,21,view,2025-10-22T23:29:00
470,7,21,view,2025-10-22T23:34:00
263,19,40,view,2025-10-23T00:06:00
207,2,12,view,2025-10-23T02:16:00
2,7,48,view,2025-10-23T04:26:00
431,4,12,view,2025-10-23T04:39:00
405,9,26,view,2025-10-23T04:47:00
264,24,43,view,2025-10-23T07:31:00
671,25,59,view,2025-10-23T07:41:00
324,12,19,view,2025-10-23T09:46:00
750,2,29,view,2025-10-23T11:11:00
788,22,50,view,2025-10-23T12:10:00
392,11,57,view,2025-10-23T12:46:00
454,25,43,view,2025-10-23T14:06:00
551,12,43,view,2025-10-23T15:04:00
35,10,6,view,2025-10-23T21:58:00
664,21,1,view,2025-10-24T00:05:00
754,20,2,view,2025-10-24T01:34:00
465,10,17,view,2025-10-24T06:42:00
171,22,2,view,2025-10-24T08:00:00
778,2,24,view,2025-10-24T09:56:00
457,15,45,view,2025-10-24T13:02:00
66,18,46,view,2025-10-24T14:29:00
389,15,23,view,2025-10-24T17:10:00
296,3,7,add_to_cart,2025-10-24T17:41:00
87,25,56,view,2025-10-24T19:45:00
718,7,59,view,2025-10-24T21:32:00
109,1,52,view,2025-10-24T22:32:00
186,14,32,view,2025-10-25T02:28:00
253,8,17,view,2025-10-25T04:25:00
362,10,49,view,2025-10-25T04:26:00
733,2,40,view,2025-10-25T07:46:00
244,12,59,view,2025-10-25T08:38:00
486,8,8,view,2025-10-25T10:23:00
599,9,39,like,2025-10-25T10:51:00
267,9,26,view,2025-10-25T11:54:00
285,21,21,view,2025-10-25T12:04:00
782,2,2,view,2025-10-25T12:42:00
226,10,51,view,2025-10-25T14:59:00
402,24,12,like,2025-10-25T15:11:00
268,9,42,view,2025-10-25T19:44:00
606,16,25,view,2025-10-25T19:59:00
583,25,45,view,2025-10-25T22:13:00
536,3,36,like,2025-10-26T01:49:00
630,12,10,view,2025-10-26T04:03:00
347,1,13,view,2025-10-26T05:14:00
61,11,50,like,2025-10-26T05:54:00
695,6,37,view,2025-10-26T06:50:00
742,12,45,view,2025-10-26T07:16:00
800,7,50,view,2025-10-26T10:44:00
565,5,29,view,2025-10-26T13:49:00
348,6,7,view,2025-10-26T16:44:00
308,12,11,view,2025-10-26T19:40:00
119,17,21,view,2025-10-26T19:50:00
720,23,56,view,2025-10-26T21:23:00
83,18,52,view,2025-10-27T04:26:00
776,14,34,view,2025-10-27T04:51:00
152,9,25,view,2025-10-27T05:06:00
366,11,27,view,2025-10-27T05:23:00
487,21,37,like,2025-10-27T05:51:00
588,1,39,view,2025-10-27T06:00:00
631,4,50,like,2025-10-27T11:49:00
436,6,25,like,2025-10-27T14:29:00
4,24,34,view,2025-10-27T14:34:00
524,19,59,like,2025-10-27T19:21:00
736,18,30,view,2025-10-27T21:25:00
111,3,38,like,2025-10-27T23:00:00
282,16,22,like,2025-10-27T23:16:00
105,14,49,like,2025-10-28T00:02:00
37,7,39,view,2025-10-28T03:01:00
576,2,46,view,2025-10-28T03:26:00
181,5,17,view,2025-10-28T03:56:00
564,18,25,view,2025-10-28T04:14:00
29,14,38,like,2025-10-28T06:14:00
147,20,4,view,2025-10-28T06:57:00
127,25,39,view,2025-10-28T07:34:00
586,25,31,view,2025-10-28T08:49:00
481,12,30,view,2025-10-28T09:57:00
543,16,30,view,2025-10-28T11:32:00
674,1,5,like,2025-10-28T11:36:00
301,12,54,view,2025-10-28T11:43:00
19,22,2,view,2025-10-28T12:44:00
223,14,10,view,2025-10-28T14:14:00
166,23,34,view,2025-10-28T14:25:00
213,12,32,view,2025-10-28T14:46:00
541,24,50,view,2025-10-28T15:51:00
201,1,13,view,2025-10-28T16:21:00
422,13,28,view,2025-10-28T17:13:00
758,25,49,view,2025-10-28T20:03:00
36,25,36,view,2025-10-28T20:19:00
456,19,30,view,2025-10-28T21:58:00
95,8,58,view,2025-10-28T23:27:00
717,22,3,view,2025-10-29T02:08:00
396,14,31,view,2025-10-29T03:41:00
721,19,31,view,2025-10-29T09:31:00
510,3,25,view,2025-10-29T10:15:00
448,25,2,like,2025-10-29T11:22:00
477,1,53,add_to_cart,2025-10-29T14:58:00
774,19,13,view,2025-10-29T15:09:00
435,4,21,view,2025-10-29T15:35:00
580,20,58,view,2025-10-29T16:28:00
258,15,5,add_to_cart,2025-10-29T16:48:00
345,12,4,view,2025-10-29T18:43:00
676,25,18,view,2025-10-29T19:49:00
344,12,50,like,2025-10-29T21:34:00
622,8,56,view,2025-10-29T23:12:00
47,24,3,view,2025-10-29T23:16:00
743,14,54,view,2025-10-29T23:47:00
798,2,18,like,2025-10-29T23:48:00
464,9,48,view,2025-10-30T00:54:00
637,2,37,view,2025-10-30T04:38:00
584,13,41,like,2025-10-30T05:29:00
390,21,31,view,2025-10-30T05:44:00
82,22,20,view,2025-10-30T06:54:00
336,16,23,view,2025-10-30T12:06:00
747,23,45,like,2025-10-30T14:58:00
284,14,43,view,2025-10-30T17:20:00
76,8,12,view,2025-10-30T17:53:00
711,20,19,like,2025-10-30T21:39:00
692,1,34,view,2025-10-31T00:13:00
767,8,13,view,2025-10-31T00:32:00
123,19,36,view,2025-10-31T01:57:00
725,17,59,view,2025-10-31T03:25:00
124,23,14,view,2025-10-31T03:33:00
476,24,22,view,2025-10-31T05:01:00
594,23,57,view,2025-10-31T08:18:00
796,13,2,add_to_cart,2025-10-31T08:57:00
63,17,8,view,2025-10-31T10:30:00
722,7,23,view,2025-10-31T11:51:00
678,7,48,view,2025-10-31T13:51:00
28,4,42,view,2025-10-31T14:31:00
528,13,41,view,2025-10-31T15:35:00
687,13,41,view,2025-10-31T17:22:00
760,19,2,view,2025-10-31T19:03:00
266,18,36,like,2025-10-31T20:51:00
633,8,56,add_to_cart,2025-10-31T21:21:00
315,8,33,view,2025-10-31T22:26:00
401,13,21,view,2025-11-01T01:21:00
732,2,31,view,2025-11-01T01:37:00
112,1,58,view,2025-11-01T05:03:00
169,3,37,view,2025-11-01T06:10:00
13,8,27,view,2025-11-01T06:23:00
428,6,24,like,2025-11-01T06:41:00
236,20,20,view,2025-11-01T09:25:00
279,2,20,add_to_cart,2025-11-01T12:04:00
190,20,22,view,2025-11-01T13:07:00
31,1,17,view,2025-11-01T16:28:00
607,21,21,view,2025-11-01T23:39:00
582,13,58,view,2025-11-02T01:16:00
552,19,56,view,2025-11-02T05:31:00
371,25,21,view,2025-11-02T06:17:00
163,13,1,like,2025-11-02T07:52:00
406,1,13,add_to_cart,2025-11-02T09:49:00
180,23,25,view,2025-11-02T12:07:00
386,13,13,add_to_cart,2025-11-02T12:32:00
432,23,16,view,2025-11-02T13:35:00
757,18,26,view,2025-11-02T15:37:00
320,21,34,like,2025-11-02T16:04:00
657,5,42,view,2025-11-02T20:58:00
420,14,24,like,2025-11-02T22:38:00
793,8,2,view,2025-11-02T23:25:00
321,2,6,view,2025-11-03T01:39:00
672,12,58,view,2025-11-03T03:39:00
49,9,34,view,2025-11-03T03:43:00
617,16,54,view,2025-11-03T05:20:00
117,12,24,view,2025-11-03T07:31:00
466,4,43,view,2025-11-03T08:20:00
723,20,22,view,2025-11-03T09:45:00
482,15,46,like,2025-11-03T11:06:00
610,19,60,view,2025-11-03T13:43:00
370,17,22,view,2025-11-03T14:20:00
488,9,60,view,2025-11-03T18:04:00
53,25,31,view,2025-11-03T19:58:00
621,24,58,view,2025-11-03T21:44:00
338,21,21,view,2025-11-04T00:09:00
429,22,59,view,2025-11-04T02:43:00
685,5,2,view,2025-11-04T02:48:00
459,6,54,view,2025-11-04T03:02:00
340,8,28,view,2025-11-04T04:17:00
384,10,52,view,2025-11-04T05:42:00
313,6,54,view,2025-11-04T12:36:00
500,1,35,add_to_cart,2025-11-04T14:28:00
638,11,39,view,2025-11-04T15:27:00
690,22,4,view,2025-11-04T15:36:00
629,5,3,view,2025-11-04T20:14:00
605,3,34,view,2025-11-04T21:00:00
378,24,56,view,2025-11-05T01:43:00
277,14,43,add_to_cart,2025-11-05T06:37:00
403,11,59,view,2025-11-05T06:49:00
728,21,19,view,2025-11-05T09:11:00
587,11,14,view,2025-11-05T13:22:00
84,23,19,like,2025-11-05T13:27:00
10,4,29,view,2025-11-05T15:05:00
46,6,57,view,2025-11-05T15:09:00
745,3,40,view,2025-11-05T15:20:00
219,16,59,add_to_cart,2025-11-05T15:35:00
137,22,29,add_to_cart,2025-11-05T16:11:00
162,15,14,like,2025-11-05T17:52:00
132,19,13,view,2025-11-05T18:40:00
446,2,45,view,2025-11-05T21:51:00
388,5,56,like,2025-11-05T23:45:00
447,18,39,view,2025-11-06T04:57:00
537,3,18,view,2025-11-06T08:55:00
513,14,49,view,2025-11-06T09:57:00
227,1,47,view,2025-11-06T12:50:00
628,12,38,view,2025-11-06T12:54:00
295,6,9,view,2025-11-06T15:04:00
699,9,1,like,2025-11-06T15:23:00
289,16,28,view,2025-11-06T16:57:00
540,9,15,view,2025-11-06T17:09:00
575,16,41,view,2025-11-06T21:31:00
770,18,36,view,2025-11-06T23:09:00
44,11,48,view,2025-11-06T23:49:00
32,25,45,view,2025-11-07T00:37:00
43,24,17,view,2025-11-07T05:09:00
222,22,45,view,2025-11-07T08:07:00
331,24,53,view,2025-11-07T08:42:00
398,10,48,view,2025-11-07T10:56:00
298,11,25,like,2025-11-07T12:19:00
52,11,32,view,2025-11-07T21:27:00
458,5,23,view,2025-11-07T22:37:00
752,7,19,view,2025-11-07T22:48:00
203,21,44,like,2025-11-08T01:23:00
562,20,3,like,2025-11-08T04:30:00
452,22,47,view,2025-11-08T04:44:00
670,20,31,like,2025-11-08T06:35:00
665,6,36,view,2025-11-08T06:41:00
92,18,32,add_to_cart,2025-11-08T08:37:00
1,19,54,view,2025-11-08T09:40:00
592,9,24,view,2025-11-08T19:50:00
506,22,32,view,2025-11-08T20:50:00
450,21,44,view,2025-11-09T05:23:00
50,17,36,view,2025-11-09T11:30:00
507,4,59,view,2025-11-09T11:44:00
197,11,32,view,2025-11-09T11:59:00
270,17,8,view,2025-11-09T15:56:00
332,6,29,view,2025-11-09T16:44:00
645,3,13,like,2025-11-09T17:36:00
191,24,6,like,2025-11-09T18:40:00
257,18,28,view,2025-11-09T19:51:00
365,1,36,view,2025-11-10T08:04:00
376,15,7,view,2025-11-10T11:17:00
175,6,8,view,2025-11-10T13:07:00
649,14,10,view,2025-11-10T14:06:00
491,2,51,view,2025-11-10T14:09:00
114,23,37,view,2025-11-10T15:07:00
215,3,58,view,2025-11-10T17:49:00
615,13,37,view,2025-11-10T19:48:00
499,19,51,view,2025-11-10T22:17:00
494,4,18,like,2025-11-10T23:54:00
686,6,43,view,2025-11-11T03:15:00
247,21,10,like,2025-11-11T05:53:00
193,9,58,view,2025-11-11T06:02:00
192,10,10,view,2025-11-11T06:55:00
741,9,19,view,2025-11-11T07:14:00
15,10,60,like,2025-11-11T09:40:00
280,10,27,view,2025-11-11T11:00:00
568,9,58,like,2025-11-11T11:54:00
304,13,18,view,2025-11-11T12:04:00
567,19,15,like,2025-11-11T16:16:00
655,5,7,like,2025-11-11T16:50:00
89,7,2,like,2025-11-11T18:45:00
648,7,6,add_to_cart,2025-11-11T21:48:00
751,17,24,view,2025-11-12T02:58:00
789,17,5,view,2025-11-12T04:23:00
26,20,51,like,2025-11-12T05:17:00
199,12,7,like,2025-11-12T07:15:00
113,14,2,view,2025-11-12T07:44:00
639,17,45,view,2025-11-12T12:08:00
759,12,34,view,2025-11-12T14:11:00
34,23,28,view,2025-11-12T21:47:00
624,9,29,view,2025-11-13T00:25:00
542,6,56,view,2025-11-13T01:09:00
108,17,46,view,2025-11-13T03:05:00
323,6,31,view,2025-11-13T04:40:00
471,6,29,view,2025-11-13T11:26:00
233,19,21,view,2025-11-13T12:42:00
730,15,23,view,2025-11-13T14:17:00
411,1,51,view,2025-11-13T15:55:00
11,14,1,view,2025-11-13T16:31:00
620,17,9,view,2025-11-13T19:44:00
790,2,32,view,2025-11-14T00:08:00
643,25,11,view,2025-11-14T00:38:00
679,14,26,like,2025-11-14T03:41:00
367,10,56,like,2025-11-14T03:55:00
59,15,21,view,2025-11-14T04:19:00
642,25,8,view,2025-11-14T07:41:00
167,23,60,view,2025-11-14T09:09:00
30,4,49,view,2025-11-14T09:51:00
547,14,52,view,2025-11-14T10:03:00
505,15,25,view,2025-11-14T19:07:00
691,2,55,view,2025-11-14T19:22:00
246,21,50,view,2025-11-14T19:55:00
60,8,4,view,2025-11-14T21:28:00
578,12,50,view,2025-11-14T21:47:00
155,22,41,view,2025-11-14T23:16:00
333,7,45,view,2025-11-15T02:07:00
261,25,27,like,2025-11-15T02:49:00
489,6,11,view,2025-11-15T03:16:00
468,20,35,like,2025-11-15T05:06:00
526,21,10,view,2025-11-15T07:04:00
546,2,22,view,2025-11-15T07:34:00
597,18,16,view,2025-11-15T09:09:00
463,5,43,view,2025-11-15T09:50:00
472,7,55,view,2025-11-15T10:33:00
353,1,56,view,2025-11-15T12:32:00
762,16,27,like,2025-11-15T14:34:00
374,15,46,view,2025-11-15T15:58:00
67,9,1,view,2025-11-15T17:23:00
661,8,23,view,2025-11-15T21:59:00
522,16,33,view,2025-11-15T22:21:00
479,13,48,view,2025-11-15T22:42:00
409,10,3,like,2025-11-16T00:57:00
288,20,14,view,2025-11-16T02:07:00
634,1,53,add_to_cart,2025-11-16T02:44:00
441,23,11,like,2025-11-16T02:44:00
799,3,40,view,2025-11-16T03:01:00
737,18,7,add_to_cart,2025-11-16T04:09:00
780,5,7,view,2025-11-16T04:16:00
768,23,43,view,2025-11-16T04:27:00
421,6,59,view,2025-11-16T04:28:00
663,9,28,view,2025-11-16T05:16:00
710,11,8,like,2025-11-16T08:18:00
493,25,16,like,2025-11-16T11:56:00
669,7,46,view,2025-11-16T12:19:00
714,1,41,view,2025-11-16T13:04:00
498,20,37,view,2025-11-16T15:27:00
708,8,2,view,2025-11-16T18:28:00
497,25,26,view,2025-11-16T20:52:00
626,16,38,like,2025-11-16T22:22:00
20,4,52,view,2025-11-16T22:32:00
272,5,10,like,2025-11-17T00:32:00
115,11,52,view,2025-11-17T02:38:00
6,24,22,view,2025-11-17T03:38:00
373,25,24,view,2025-11-17T03:54:00
14,23,45,view,2025-11-17T05:03:00
518,16,27,view,2025-11-17T07:23:00
198,19,33,view,2025-11-17T07:27:00
136,20,36,view,2025-11-17T08:42:00
775,22,27,view,2025-11-17T12:35:00
517,7,3,view,2025-11-17T12:43:00
300,4,36,view,2025-11-17T18:39:00
250,19,39,view,2025-11-17T22:50:00
756,23,55,view,2025-11-17T22:53:00
79,14,39,view,2025-11-17T23:59:00
532,5,21,add_to_cart,2025-11-18T01:08:00
549,11,47,view,2025-11-18T01:33:00
512,8,12,like,2025-11-18T02:19:00
531,8,41,view,2025-11-18T03:19:00
294,9,28,like,2025-11-18T04:24:00
200,22,52,view,2025-11-18T05:15:00
449,8,29,view,2025-11-18T09:34:00
312,19,43,view,2025-11-18T10:00:00
271,8,2,view,2025-11-18T15:12:00
613,1,4,view,2025-11-18T15:26:00
694,4,18,like,2025-11-18T17:59:00
595,13,51,add_to_cart,2025-11-18T18:05:00
619,18,10,view,2025-11-18T19:54:00
502,13,44,view,2025-11-18T22:18:00
138,17,16,like,2025-11-19T05:04:00
292,6,40,like,2025-11-19T07:07:00
221,6,34,view,2025-11-19T07:45:00
427,22,13,add_to_cart,2025-11-19T10:17:00
356,19,7,view,2025-11-19T12:31:00
318,17,45,view,2025-11-19T17:18:00
724,11,29,view,2025-11-19T18:26:00
701,19,15,view,2025-11-19T19:18:00
697,14,10,view,2025-11-19T20:35:00
237,12,32,view,2025-11-19T20:39:00
173,22,43,view,2025-11-19T21:22:00
777,16,54,add_to_cart,2025-11-19T22:16:00
786,10,19,view,2025-11-19T22:32:00
557,17,56,view,2025-11-20T00:10:00
334,14,24,view,2025-11-20T01:06:00
310,20,41,like,2025-11-20T06:15:00
302,3,43,view,2025-11-20T06:50:00
667,19,7,view,2025-11-20T08:56:00
239,5,58,view,2025-11-20T09:23:00
425,19,27,like,2025-11-20T10:37:00
792,22,43,view,2025-11-20T11:09:00
749,22,33,view,2025-11-20T11:24:00
16,8,47,view,2025-11-20T13:07:00
56,8,32,view,2025-11-20T13:49:00
726,25,35,view,2025-11-20T14:54:00
70,14,13,add_to_cart,2025-11-20T16:15:00
45,25,25,view,2025-11-20T17:45:00
418,25,38,like,2025-11-20T20:42:00
71,17,9,view,2025-11-20T21:50:00
78,7,51,view,2025-11-20T22:46:00
260,17,60,view,2025-11-21T02:15:00
516,6,25,view,2025-11-21T03:12:00
484,20,5,add_to_cart,2025-11-21T04:53:00
225,14,45,view,2025-11-21T04:59:00
85,10,21,view,2025-11-21T05:05:00
614,1,2,view,2025-11-21T06:15:00
640,19,12,view,2025-11-21T06:31:00
24,6,18,view,2025-11-21T07:08:00
232,18,9,like,2025-11-21T09:55:00
387,2,58,like,2025-11-21T10:10:00
646,10,12,view,2025-11-21T10:28:00
224,5,7,view,2025-11-21T10:47:00
283,22,52,view,2025-11-21T17:31:00
194,5,56,like,2025-11-21T20:56:00
719,2,53,view,2025-11-21T23:59:00
150,3,25,view,2025-11-22T02:22:00
433,20,13,like,2025-11-22T02:44:00
434,16,40,like,2025-11-22T04:21:00
627,6,43,view,2025-11-22T05:11:00
544,9,50,view,2025-11-22T05:44:00
545,22,24,like,2025-11-22T08:54:00
57,2,7,view,2025-11-22T10:40:00
404,17,60,view,2025-11-22T14:49:00
738,12,19,view,2025-11-22T16:26:00
241,24,13,view,2025-11-22T19:01:00
330,10,12,add_to_cart,2025-11-22T20:07:00
196,19,39,view,2025-11-23T00:50:00
231,2,27,view,2025-11-23T01:45:00
195,7,13,view,2025-11-23T03:11:00
462,14,12,view,2025-11-23T07:16:00
795,20,26,view,2025-11-23T12:31:00
554,6,2,like,2025-11-23T14:48:00
478,16,27,like,2025-11-23T17:16:00
174,8,8,view,2025-11-23T17:37:00
342,6,36,view,2025-11-24T00:05:00
734,24,16,view,2025-11-24T00:24:00
501,23,3,view,2025-11-24T04:29:00
739,20,56,view,2025-11-24T05:29:00
218,22,47,add_to_cart,2025-11-24T10:21:00
94,20,40,view,2025-11-24T12:47:00
618,5,36,view,2025-11-24T13:37:00
21,1,55,view,2025-11-24T21:35:00
391,16,59,view,2025-11-24T22:30:00
683,22,24,view,2025-11-25T01:05:00
379,16,3,view,2025-11-25T03:20:00
41,12,31,view,2025-11-25T03:45:00
275,8,18,view,2025-11-25T04:43:00
412,14,5,view,2025-11-25T06:40:00
329,25,40,view,2025-11-25T09:45:00
73,2,27,view,2025-11-25T11:15:00
54,23,8,view,2025-11-25T14:19:00
508,11,15,view,2025-11-25T17:37:00
286,23,58,like,2025-11-25T18:22:00
177,4,60,view,2025-11-25T18:47:00
359,3,35,like,2025-11-25T19:54:00
761,21,53,view,2025-11-25T22:17:00
641,19,31,view,2025-11-26T00:08:00
351,14,22,view,2025-11-26T02:14:00
632,6,37,view,2025-11-26T02:35:00
740,3,36,like,2025-11-26T02:40:00
581,3,38,like,2025-11-26T02:53:00
453,11,40,view,2025-11-26T03:06:00
515,1,57,view,2025-11-26T03:07:00
156,9,15,view,2025-11-26T03:45:00
335,12,2,view,2025-11-26T04:34:00
81,19,33,view,2025-11-26T05:12:00
399,15,28,view,2025-11-26T05:20:00
107,24,3,view,2025-11-26T05:27:00
159,1,56,view,2025-11-26T07:21:00
707,2,31,view,2025-11-26T07:58:00
141,8,58,view,2025-11-26T09:54:00
206,16,35,view,2025-11-26T10:56:00
443,14,32,view,2025-11-26T12:54:00
299,8,59,view,2025-11-26T15:21:00
601,17,50,view,2025-11-26T15:41:00
563,8,39,view,2025-11-26T15:52:00
395,19,53,view,2025-11-26T17:36:00
40,17,27,view,2025-11-26T18:27:00
644,12,36,view,2025-11-26T21:17:00
797,11,10,like,2025-11-27T00:48:00
38,4,15,view,2025-11-27T02:16:00
5,4,44,view,2025-11-27T06:39:00
490,2,38,view,2025-11-27T06:58:00
8,18,51,view,2025-11-27T09:43:00
781,16,56,view,2025-11-27T12:15:00
654,12,49,view,2025-11-27T12:17:00
460,3,6,view,2025-11-27T16:42:00
361,14,30,add_to_cart,2025-11-27T17:21:00
69,11,51,add_to_cart,2025-11-27T19:32:00
128,11,54,view,2025-11-27T21:15:00
603,23,55,view,2025-11-27T23:11:00
529,22,24,view,2025-11-27T23:50:00
97,21,27,view,2025-11-28T00:35:00
325,16,13,view,2025-11-28T01:02:00
281,14,25,like,2025-11-28T01:55:00
355,11,8,like,2025-11-28T02:10:00
23,21,37,like,2025-11-28T02:59:00
101,8,3,view,2025-11-28T03:05:00
585,9,30,view,2025-11-28T10:05:00
414,2,11,view,2025-11-28T11:00:00
509,25,44,view,2025-11-28T12:05:00
98,17,26,add_to_cart,2025-11-28T12:32:00
99,4,18,view,2025-11-28T13:18:00
680,13,60,view,2025-11-28T14:26:00
556,4,16,like,2025-11-28T16:10:00
445,13,29,view,2025-11-28T17:33:00
360,5,49,view,2025-11-29T01:13:00
202,1,13,view,2025-11-29T02:05:00
538,10,37,like,2025-11-29T03:10:00
703,23,23,view,2025-11-29T03:30:00
188,19,44,view,2025-11-29T08:07:00
131,23,55,view,2025-11-29T08:56:00
93,21,38,view,2025-11-29T10:03:00
571,17,55,view,2025-11-29T10:13:00
677,6,4,like,2025-11-29T10:54:00
102,13,53,view,2025-11-29T11:10:00
602,11,15,add_to_cart,2025-11-29T11:17:00
383,24,20,like,2025-11-29T15:16:00
413,18,24,view,2025-11-29T16:24:00
598,25,1,view,2025-11-29T18:00:00
328,10,42,view,2025-11-29T18:09:00
791,1,44,view,2025-11-29T18:18:00
706,19,36,like,2025-11-29T18:45:00
262,19,17,view,2025-11-29T20:12:00
696,18,42,view,2025-11-29T21:38:00
178,1,34,view,2025-11-29T22:02:00
712,3,56,view,2025-11-29T23:44:00
444,11,17,view,2025-11-30T00:32:00
64,24,5,view,2025-11-30T01:28:00
287,24,59,view,2025-11-30T03:18:00
753,7,21,view,2025-11-30T04:26:00
122,15,12,view,2025-11-30T04:30:00
120,21,33,view,2025-11-30T06:11:00
